ts,game,sport,market_type,model_prob,kalshi_price,edge,bet_size,category,outcome,pnl
2026-05-21T20:54:12.950575,SAS @ OKC  (Spurs @ Thunder),NBA,ML — SAS wins,0.95,0.34,0.6099999999999999,25.0,STRONG_BET,,
2026-05-21T20:54:12.951351,NYK @ CLE  (Knicks @ Cavaliers),NBA,ML — NYK wins,0.95,0.55,0.3999999999999999,25.0,STRONG_BET,,
2026-05-21T20:54:12.951906,NYK @ CLE  (Knicks @ Cavaliers),NBA,ML — NYK wins,0.95,0.52,0.42999999999999994,25.0,STRONG_BET,,
2026-05-21T20:54:12.952660,CLE @ NYK  (Cavaliers @ Knicks),NBA,ML — CLE wins,0.95,0.4,0.5499999999999999,25.0,STRONG_BET,,
2026-05-21T20:54:12.953129,OKC @ SAS  (Thunder @ Spurs),NBA,ML — OKC wins,0.95,0.48,0.47,25.0,STRONG_BET,,
2026-05-21T20:54:12.953617,OKC @ SAS  (Thunder @ Spurs),NBA,ML — OKC wins,0.95,0.47,0.48,25.0,STRONG_BET,,
2026-05-21T20:54:12.953785,COL @ VGK  (Avalanche @ Golden Knights),NHL,ML — VGK wins,0.57,0.49,0.07999999999999996,7.84,BET,,
2026-05-21T20:54:12.954016,CAR @ MTL  (Hurricanes @ Canadiens),NHL,ML — MTL wins,0.57,0.41,0.15999999999999998,25.0,STRONG_BET,,
2026-05-21T20:54:12.954571,CAR @ MTL  (Hurricanes @ Canadiens),NHL,ML — MTL wins,0.57,0.46,0.10999999999999993,10.19,BET,,
2026-05-21T20:54:12.955300,MTL @ CAR  (Canadiens @ Hurricanes),NHL,ML — CAR wins,0.57,0.19,0.37999999999999995,25.0,STRONG_BET,,
2026-05-21T20:54:12.955419,COL @ VGK  (Avalanche @ Golden Knights),NHL,ML — VGK wins,0.57,0.46,0.10999999999999993,10.19,BET,,
2026-05-21T20:54:12.957337,OKC @ SAS  (Thunder @ Spurs),NBA,UNDER 218,0.95,0.52,0.42999999999999994,25.0,STRONG_BET,,
2026-05-21T20:54:12.957679,CLE @ NYK  (Cavaliers @ Knicks),NBA,UNDER 211,0.95,0.52,0.42999999999999994,25.0,STRONG_BET,,
2026-05-21T20:54:12.957910,COL @ VGK  (Avalanche @ Golden Knights),NHL,UNDER 7,0.9331927987311419,0.48,0.45319279873114193,25.0,STRONG_BET,,
2026-05-21T20:54:12.958108,CAR @ MTL  (Hurricanes @ Canadiens),NHL,UNDER 7,0.9331927987311419,0.5800000000000001,0.35319279873114184,25.0,STRONG_BET,,
2026-05-21T20:54:12.958293,CAR @ MTL  (Hurricanes @ Canadiens),NHL,UNDER 6,0.7475074624530771,0.43999999999999995,0.30750746245307714,25.0,STRONG_BET,,
2026-05-21T20:54:12.958479,MTL @ CAR  (Canadiens @ Hurricanes),NHL,UNDER 6,0.7475074624530771,0.53,0.21750746245307706,25.0,STRONG_BET,,
2026-05-21T20:54:12.958664,MTL @ CAR  (Canadiens @ Hurricanes),NHL,UNDER 9,0.95,0.53,0.41999999999999993,25.0,STRONG_BET,,
2026-05-21T20:54:12.958833,COL @ VGK  (Avalanche @ Golden Knights),NHL,UNDER 7,0.9331927987311419,0.48,0.45319279873114193,25.0,STRONG_BET,,
2026-05-21T20:54:12.958998,VGK @ COL  (Golden Knights @ Avalanche),NHL,UNDER 6,0.7475074624530771,0.52,0.22750746245307707,25.0,STRONG_BET,,
2026-05-21T21:00:05.462152,CLE @ NYK  (Cavaliers @ Knicks),NBA,ML — CLE wins,0.45999999999999996,0.36,0.09999999999999998,7.81,BET,,
2026-05-21T21:00:05.463334,MTL @ CAR  (Canadiens @ Hurricanes),NHL,ML — CAR wins,0.57,0.17,0.3999999999999999,25.0,STRONG_BET,,
2026-05-21T21:00:05.465105,OKC @ SAS  (Thunder @ Spurs),NBA,UNDER 218,0.8492760334309749,0.52,0.3292760334309749,25.0,STRONG_BET,,
2026-05-21T21:00:05.465569,OKC @ SAS  (Thunder @ Spurs),NBA,UNDER 221,0.9003123403704775,0.56,0.3403123403704774,25.0,STRONG_BET,,
2026-05-21T21:00:05.465925,CLE @ NYK  (Cavaliers @ Knicks),NBA,UNDER 211,0.6736447797120793,0.55,0.12364477971207921,25.0,STRONG_BET,,
2026-05-21T21:00:05.466233,CLE @ NYK  (Cavaliers @ Knicks),NBA,UNDER 208,0.5792597094391023,0.43999999999999995,0.13925970943910237,24.87,STRONG_BET,,
2026-05-21T21:00:05.466475,MTL @ CAR  (Canadiens @ Hurricanes),NHL,UNDER 8,0.95,0.38,0.57,25.0,STRONG_BET,,
2026-05-21T21:00:05.466704,MTL @ CAR  (Canadiens @ Hurricanes),NHL,UNDER 9,0.95,0.63,0.31999999999999995,25.0,STRONG_BET,,
2026-05-21T21:00:05.466937,VGK @ COL  (Golden Knights @ Avalanche),NHL,UNDER 6,0.7475074624530771,0.52,0.22750746245307707,25.0,STRONG_BET,,
2026-05-21T21:01:24.795078,CLE @ NYK  (Cavaliers @ Knicks),NBA,ML — CLE wins,0.45999999999999996,0.36,0.09999999999999998,7.81,BET,,
2026-05-21T21:01:24.795555,MTL @ CAR  (Canadiens @ Hurricanes),NHL,ML — CAR wins,0.57,0.17,0.3999999999999999,25.0,STRONG_BET,,
2026-05-21T21:01:24.802202,OKC @ SAS  (Thunder @ Spurs),NBA,UNDER 221,0.9003123403704775,0.56,0.3403123403704774,25.0,STRONG_BET,,
2026-05-21T21:01:24.802536,CLE @ NYK  (Cavaliers @ Knicks),NBA,UNDER 208,0.5792597094391023,0.43999999999999995,0.13925970943910237,24.87,STRONG_BET,,
2026-05-21T21:01:24.802720,MTL @ CAR  (Canadiens @ Hurricanes),NHL,UNDER 8,0.95,0.38,0.57,25.0,STRONG_BET,,
2026-05-21T21:01:24.802946,VGK @ COL  (Golden Knights @ Avalanche),NHL,UNDER 6,0.7475074624530771,0.52,0.22750746245307707,25.0,STRONG_BET,,
2026-05-21T21:04:36.278514,CLE @ NYK  (Cavaliers @ Knicks),NBA,ML — CLE wins,0.45999999999999996,0.31,0.14999999999999997,14.78,STRONG_BET,,
2026-05-21T21:04:36.280353,MTL @ CAR  (Canadiens @ Hurricanes),NHL,ML — CAR wins,0.57,0.17,0.3999999999999999,17.0,STRONG_BET,,
2026-05-21T21:04:36.283228,OKC @ SAS  (Thunder @ Spurs),NBA,UNDER 221,0.9003123403704775,0.56,0.3403123403704774,17.0,STRONG_BET,,
2026-05-21T21:04:36.283963,CLE @ NYK  (Cavaliers @ Knicks),NBA,UNDER 211,0.6736447797120793,0.54,0.13364477971207922,17.0,STRONG_BET,,
2026-05-21T21:04:36.284558,MTL @ CAR  (Canadiens @ Hurricanes),NHL,UNDER 8,0.95,0.37,0.58,17.0,STRONG_BET,,
2026-05-21T21:04:36.284832,VGK @ COL  (Golden Knights @ Avalanche),NHL,UNDER 6,0.7475074624530771,0.52,0.22750746245307707,17.0,STRONG_BET,,
2026-05-21T21:53:48.580390,MTL @ CAR  (Canadiens @ Hurricanes),NHL,ML — MTL wins,0.98,0.84,0.14,25.0,STRONG_BET,,,,
2026-05-21T21:53:48.583222,VGK @ COL  (Golden Knights @ Avalanche),NHL,UNDER 6,0.7513219613724439,0.52,0.23132196137244387,25.0,STRONG_BET,,,,
2026-05-21T22:00:42.994392,CLE @ NYK  (Cavaliers @ Knicks),NBA,UNDER 208,0.5792597094391023,0.48,0.09925970943910234,9.54,BET,,,,
2026-05-21T22:00:42.998039,VGK @ COL  (Golden Knights @ Avalanche),NHL,UNDER 6,0.7513219613724439,0.52,0.23132196137244387,25.0,STRONG_BET,,,,
2026-05-21T22:02:43.498444,CLE @ NYK  (Cavaliers @ Knicks),NBA,UNDER 208,0.5792597094391023,0.48,0.09925970943910234,6.49,BET,,,,
2026-05-21T22:02:43.501404,VGK @ COL  (Golden Knights @ Avalanche),NHL,UNDER 6,0.7513219613724439,0.52,0.23132196137244387,17.0,STRONG_BET,,,,
2026-05-22T09:14:31.331153,VGK @ COL  (Golden Knights @ Avalanche),NHL,ML — VGK wins,0.43000000000000005,0.36,0.07000000000000006,3.72,BET,,,,
2026-05-22T09:14:31.333072,NYK @ CLE  (Knicks @ Cavaliers),NBA,UNDER 216,0.8069376628580927,0.56,0.2469376628580926,17.0,STRONG_BET,,,,
2026-05-22T09:14:31.335108,VGK @ COL  (Golden Knights @ Avalanche),NHL,UNDER 6,0.7513219613724439,0.53,0.22132196137244387,17.0,STRONG_BET,,,,
2026-05-22T09:30:50.846813,VGK @ COL  (Golden Knights @ Avalanche),NHL,ML — VGK wins,0.43000000000000005,0.36,0.36,0.07000000000000006,5.47,BET,,,,,,
2026-05-22T09:30:50.848680,NYK @ CLE  (Knicks @ Cavaliers),NBA,UNDER 216,0.8069376628580927,0.56,0.56,0.2469376628580926,25.0,STRONG_BET,,,,,,
2026-05-22T09:30:50.850590,VGK @ COL  (Golden Knights @ Avalanche),NHL,UNDER 6,0.7513219613724439,0.53,0.53,0.22132196137244387,25.0,STRONG_BET,,,,,,
2026-05-22T09:31:35.791227,VGK @ COL  (Golden Knights @ Avalanche),NHL,ML — VGK wins,0.43000000000000005,0.36,0.36,0.07000000000000006,3.72,BET,,,,,,
2026-05-22T09:31:35.793165,NYK @ CLE  (Knicks @ Cavaliers),NBA,UNDER 216,0.8069376628580927,0.56,0.56,0.2469376628580926,17.0,STRONG_BET,,,,,,
2026-05-22T09:31:35.795175,VGK @ COL  (Golden Knights @ Avalanche),NHL,UNDER 6,0.7513219613724439,0.53,0.53,0.22132196137244387,17.0,STRONG_BET,,,,,,
2026-05-22T09:32:14.687231,VGK @ COL  (Golden Knights @ Avalanche),NHL,ML — VGK wins,0.43000000000000005,0.36,0.36,0.07000000000000006,5.47,BET,,,,,,
2026-05-22T09:32:14.689571,NYK @ CLE  (Knicks @ Cavaliers),NBA,UNDER 216,0.8069376628580927,0.56,0.56,0.2469376628580926,25.0,STRONG_BET,,,,,,
2026-05-22T09:32:14.691353,VGK @ COL  (Golden Knights @ Avalanche),NHL,UNDER 6,0.7513219613724439,0.53,0.53,0.22132196137244387,25.0,STRONG_BET,,,,,,
2026-05-22T09:32:38.196494,VGK @ COL  (Golden Knights @ Avalanche),NHL,ML — VGK wins,0.43000000000000005,0.36,0.36,0.07000000000000006,3.72,BET,,,,,,
2026-05-22T09:32:38.198254,NYK @ CLE  (Knicks @ Cavaliers),NBA,UNDER 216,0.8069376628580927,0.56,0.56,0.2469376628580926,17.0,STRONG_BET,,,,,,
2026-05-22T09:32:38.199586,VGK @ COL  (Golden Knights @ Avalanche),NHL,UNDER 6,0.7513219613724439,0.53,0.53,0.22132196137244387,17.0,STRONG_BET,,,,,,
2026-05-22T09:34:55.571096,VGK @ COL  (Golden Knights @ Avalanche),NHL,ML — VGK wins,0.43000000000000005,0.36,0.36,0.07000000000000006,3.72,BET,,,,,,
2026-05-22T09:34:55.573777,NYK @ CLE  (Knicks @ Cavaliers),NBA,UNDER 216,0.8069376628580927,0.56,0.56,0.2469376628580926,17.0,STRONG_BET,,,,,,
2026-05-22T09:34:55.576116,VGK @ COL  (Golden Knights @ Avalanche),NHL,UNDER 6,0.7513219613724439,0.53,0.53,0.22132196137244387,17.0,STRONG_BET,,,,,,
2026-05-22T09:44:59.377961,VGK @ COL  (Golden Knights @ Avalanche),NHL,ML — VGK wins,0.485,0.36,0.36,0.125,19.53,STRONG_BET,,,,,,
2026-05-22T09:44:59.381863,NYK @ CLE  (Knicks @ Cavaliers),NBA,UNDER 216,0.8069376628580927,0.56,0.56,0.2469376628580926,25.0,STRONG_BET,,,,,,
2026-05-22T09:44:59.383923,VGK @ COL  (Golden Knights @ Avalanche),NHL,UNDER 6,0.6918392908212376,0.53,0.53,0.1618392908212376,25.0,STRONG_BET,,,,,,
2026-05-22T09:46:05.723626,VGK @ COL  (Golden Knights @ Avalanche),NHL,ML — VGK wins,0.485,0.36,0.36,0.125,19.53,STRONG_BET,,,,,,
2026-05-22T09:46:05.725736,NYK @ CLE  (Knicks @ Cavaliers),NBA,UNDER 216,0.8069376628580927,0.56,0.56,0.2469376628580926,25.0,STRONG_BET,,,,,,
2026-05-22T09:46:05.727857,VGK @ COL  (Golden Knights @ Avalanche),NHL,UNDER 6,0.6918392908212376,0.53,0.53,0.1618392908212376,25.0,STRONG_BET,,,,,,
2026-05-22T09:55:59.356599,NYK @ CLE  (Knicks @ Cavaliers),NBA,UNDER 216,0.8069376628580927,0.56,0.56,0.2469376628580926,25.0,STRONG_BET,,,,,,
2026-05-22T09:55:59.359044,VGK @ COL  (Golden Knights @ Avalanche),NHL,UNDER 6,0.6918392908212376,0.53,0.53,0.1618392908212376,25.0,STRONG_BET,,,,,,
2026-05-22T09:56:43.932998,NYK @ CLE  (Knicks @ Cavaliers),NBA,UNDER 216,0.8069376628580927,0.56,0.56,0.2469376628580926,25.0,STRONG_BET,,,,,,
2026-05-22T09:56:43.935519,VGK @ COL  (Golden Knights @ Avalanche),NHL,UNDER 6,0.6918392908212376,0.53,0.53,0.1618392908212376,25.0,STRONG_BET,,,,,,
2026-05-22T10:13:31.655611,VGK @ COL  (Golden Knights @ Avalanche),NHL,UNDER 6,0.6918392908212376,0.52,0.52,0.1718392908212376,17.0,STRONG_BET,,,,,,
2026-05-22T10:13:31.660897,NYK @ CLE  (Knicks @ Cavaliers),NBA,PROP NYKMROBINSON23 U10.0 PTS,0.1434011079582933,0.040000000000000036,0.040000000000000036,0.10340110795829327,3.66,BET,,,,,,
2026-05-22T10:13:31.663614,NYK @ CLE  (Knicks @ Cavaliers),NBA,PROP CLEDSCHRODER8 U10.0 PTS,0.1434011079582933,0.040000000000000036,0.040000000000000036,0.10340110795829327,3.66,BET,,,,,,
2026-05-22T10:13:31.664492,NYK @ CLE  (Knicks @ Cavaliers),NBA,PROP NYKOANUNOBY8 U25.0 PTS,0.97,0.88,0.88,0.08999999999999997,17.0,BET,,,,,,
2026-05-22T10:13:31.665236,NYK @ CLE  (Knicks @ Cavaliers),NBA,PROP NYKOANUNOBY8 U20.0 PTS,0.9252221725928153,0.69,0.69,0.2352221725928153,17.0,STRONG_BET,,,,,,
2026-05-22T10:13:31.665949,NYK @ CLE  (Knicks @ Cavaliers),NBA,PROP NYKOANUNOBY8 U15.0 PTS,0.5745498862832458,0.43999999999999995,0.43999999999999995,0.13454988628324582,16.34,STRONG_BET,,,,,,
2026-05-22T10:13:31.668116,NYK @ CLE  (Knicks @ Cavaliers),NBA,PROP NYKMBRIDGES25 U20.0 PTS,0.9252221725928153,0.8,0.8,0.1252221725928152,17.0,STRONG_BET,,,,,,
2026-05-22T10:13:31.669517,NYK @ CLE  (Knicks @ Cavaliers),NBA,PROP NYKMBRIDGES25 O10.0 PTS,0.8565988920417067,0.76,0.76,0.09659889204170669,13.68,BET,,,,,,
2026-05-22T10:13:31.670902,NYK @ CLE  (Knicks @ Cavaliers),NBA,PROP NYKKTOWNS32 U25.0 PTS,0.97,0.8200000000000001,0.8200000000000001,0.1499999999999999,17.0,STRONG_BET,,,,,,
2026-05-22T10:13:31.673295,NYK @ CLE  (Knicks @ Cavaliers),NBA,PROP NYKJHART3 U20.0 PTS,0.9252221725928153,0.83,0.83,0.09522217259281529,17.0,BET,,,,,,
2026-05-22T10:13:31.674474,NYK @ CLE  (Knicks @ Cavaliers),NBA,PROP NYKJHART3 O10.0 PTS,0.8565988920417067,0.72,0.72,0.13659889204170672,17.0,STRONG_BET,,,,,,
2026-05-22T10:13:31.675118,NYK @ CLE  (Knicks @ Cavaliers),NBA,PROP NYKJBRUNSON11 U35.0 PTS,0.97,0.78,0.78,0.18999999999999995,17.0,STRONG_BET,,,,,,
2026-05-22T10:13:31.678144,NYK @ CLE  (Knicks @ Cavaliers),NBA,PROP CLEJHARDEN1 U25.0 PTS,0.97,0.77,0.77,0.19999999999999996,17.0,STRONG_BET,,,,,,
2026-05-22T10:13:31.679805,NYK @ CLE  (Knicks @ Cavaliers),NBA,PROP CLEJALLEN31 U20.0 PTS,0.9252221725928153,0.85,0.85,0.07522217259281527,17.0,BET,,,,,,
2026-05-22T10:13:31.680838,NYK @ CLE  (Knicks @ Cavaliers),NBA,PROP CLEJALLEN31 O10.0 PTS,0.8565988920417067,0.74,0.74,0.1165988920417067,15.25,BET,,,,,,
2026-05-22T10:13:31.681351,NYK @ CLE  (Knicks @ Cavaliers),NBA,PROP CLEEMOBLEY4 U25.0 PTS,0.97,0.84,0.84,0.13,17.0,STRONG_BET,,,,,,
2026-05-22T10:13:31.682390,NYK @ CLE  (Knicks @ Cavaliers),NBA,PROP CLEEMOBLEY4 U15.0 PTS,0.5745498862832458,0.38,0.38,0.19454988628324577,17.0,STRONG_BET,,,,,,
2026-05-22T10:13:31.683441,NYK @ CLE  (Knicks @ Cavaliers),NBA,PROP CLEDMITCHELL45 U40.0 PTS,0.97,0.89,0.89,0.07999999999999996,17.0,BET,,,,,,
2026-05-22T10:13:31.683963,NYK @ CLE  (Knicks @ Cavaliers),NBA,PROP CLEDMITCHELL45 U35.0 PTS,0.97,0.78,0.78,0.18999999999999995,17.0,STRONG_BET,,,,,,
2026-05-22T10:13:31.685501,OKC @ SAS  (Thunder @ Spurs),NBA,PROP SASVWEMBANYAMA1 U35.0 PTS,0.97,0.85,0.85,0.12,17.0,STRONG_BET,,,,,,
2026-05-22T10:13:31.685920,OKC @ SAS  (Thunder @ Spurs),NBA,PROP SASVWEMBANYAMA1 U30.0 PTS,0.8952290802973295,0.6699999999999999,0.6699999999999999,0.22522908029732958,17.0,STRONG_BET,,,,,,
2026-05-22T10:13:31.686739,OKC @ SAS  (Thunder @ Spurs),NBA,PROP SASVWEMBANYAMA1 U20.0 PTS,0.36169741279574297,0.18000000000000005,0.18000000000000005,0.18169741279574292,15.07,STRONG_BET,,,,,,
2026-05-22T10:13:31.687111,OKC @ SAS  (Thunder @ Spurs),NBA,PROP SASVWEMBANYAMA1 U15.0 PTS,0.12337057943334573,0.040000000000000036,0.040000000000000036,0.08337057943334569,2.95,BET,,,,,,
2026-05-22T10:13:31.688301,OKC @ SAS  (Thunder @ Spurs),NBA,PROP SASSCASTLE5 U25.0 PTS,0.97,0.79,0.79,0.17999999999999994,17.0,STRONG_BET,,,,,,
2026-05-22T10:13:31.690280,OKC @ SAS  (Thunder @ Spurs),NBA,PROP SASDVASSELL24 U20.0 PTS,0.9252221725928153,0.77,0.77,0.15522217259281523,17.0,STRONG_BET,,,,,,
2026-05-22T10:13:31.690778,OKC @ SAS  (Thunder @ Spurs),NBA,PROP SASDVASSELL24 U15.0 PTS,0.5745498862832458,0.5,0.5,0.07454988628324577,5.07,BET,,,,,,
2026-05-22T10:13:31.691715,OKC @ SAS  (Thunder @ Spurs),NBA,PROP UKCSGILGEOUSALEXANDER2 U40.0 PTS,0.97,0.85,0.85,0.12,17.0,STRONG_BET,,,,,,
2026-05-22T10:13:31.697923,OKC @ SAS  (Thunder @ Spurs),NBA,PROP UKCCHOLMGREN7 U20.0 PTS,0.9252221725928153,0.79,0.79,0.13522217259281522,17.0,STRONG_BET,,,,,,
2026-05-22T10:13:31.701619,NYK @ CLE  (Knicks @ Cavaliers),NBA,PROP NYKJHART3 U6.0 AST,0.8302111515196839,0.71,0.71,0.12021115151968398,17.0,STRONG_BET,,,,,,
2026-05-22T10:13:31.702011,NYK @ CLE  (Knicks @ Cavaliers),NBA,PROP NYKJHART3 U4.0 AST,0.6134542031165023,0.37,0.37,0.24345420311650234,17.0,STRONG_BET,,,,,,
2026-05-22T10:13:31.704368,NYK @ CLE  (Knicks @ Cavaliers),NBA,PROP NYKJBRUNSON11 U12.0 AST,0.97,0.81,0.81,0.15999999999999992,17.0,STRONG_BET,,,,,,
2026-05-22T10:13:31.704764,NYK @ CLE  (Knicks @ Cavaliers),NBA,PROP NYKJBRUNSON11 U10.0 AST,0.97,0.77,0.77,0.19999999999999996,17.0,STRONG_BET,,,,,,
2026-05-22T10:13:31.706691,NYK @ CLE  (Knicks @ Cavaliers),NBA,PROP CLEJHARDEN1 U10.0 AST,0.97,0.87,0.87,0.09999999999999998,17.0,BET,,,,,,
2026-05-22T10:13:31.707429,NYK @ CLE  (Knicks @ Cavaliers),NBA,PROP CLEDMITCHELL45 U6.0 AST,0.8302111515196839,0.73,0.73,0.10021115151968396,12.62,BET,,,,,,
2026-05-22T10:13:31.707810,NYK @ CLE  (Knicks @ Cavaliers),NBA,PROP CLEDMITCHELL45 U4.0 AST,0.6134542031165023,0.39,0.39,0.22345420311650233,17.0,STRONG_BET,,,,,,
2026-05-22T10:13:31.709661,OKC @ SAS  (Thunder @ Spurs),NBA,PROP SASVWEMBANYAMA1 U4.0 AST,0.6134542031165023,0.52,0.52,0.09345420311650232,6.62,BET,,,,,,
2026-05-22T10:13:31.710029,OKC @ SAS  (Thunder @ Spurs),NBA,PROP SASVWEMBANYAMA1 U2.0 AST,0.3525914930163796,0.10999999999999999,0.10999999999999999,0.2425914930163796,17.0,STRONG_BET,,,,,,
2026-05-22T10:13:31.711891,OKC @ SAS  (Thunder @ Spurs),NBA,PROP SASSCASTLE5 U12.0 AST,0.97,0.87,0.87,0.09999999999999998,17.0,BET,,,,,,
2026-05-22T10:13:31.713763,OKC @ SAS  (Thunder @ Spurs),NBA,PROP UKCSGILGEOUSALEXANDER2 U12.0 AST,0.97,0.86,0.86,0.10999999999999999,17.0,BET,,,,,,
2026-05-22T10:13:31.714839,OKC @ SAS  (Thunder @ Spurs),NBA,PROP OKCLDORT5 O6.0 AST,0.16978884848031606,0.08,0.08,0.08978884848031606,3.32,BET,,,,,,
2026-05-22T10:13:31.715188,OKC @ SAS  (Thunder @ Spurs),NBA,PROP OKCLDORT5 O4.0 AST,0.38654579688349766,0.16,0.16,0.22654579688349766,17.0,STRONG_BET,,,,,,
2026-05-22T10:13:31.715893,OKC @ SAS  (Thunder @ Spurs),NBA,PROP OKCLDORT5 O1.0 AST,0.7616643931790458,0.63,0.63,0.13166439317904577,17.0,STRONG_BET,,,,,,
2026-05-22T10:16:25.268065,VGK @ COL  (Golden Knights @ Avalanche),NHL,UNDER 6,0.6918392908212376,0.52,0.52,0.1718392908212376,17.0,STRONG_BET,,,,,,
2026-05-22T10:16:25.275701,NYK @ CLE  (Knicks @ Cavaliers),NBA,PROP NYKOANUNOBY8 U20.0 PTS,0.9252221725928153,0.69,0.69,0.2352221725928153,17.0,STRONG_BET,,,,,,
2026-05-22T10:16:25.278541,NYK @ CLE  (Knicks @ Cavaliers),NBA,PROP NYKMBRIDGES25 U20.0 PTS,0.9252221725928153,0.8,0.8,0.1252221725928152,17.0,STRONG_BET,,,,,,
2026-05-22T10:16:25.284561,NYK @ CLE  (Knicks @ Cavaliers),NBA,PROP NYKJHART3 O10.0 PTS,0.8565988920417067,0.72,0.72,0.13659889204170672,17.0,STRONG_BET,,,,,,
2026-05-22T10:16:25.290433,NYK @ CLE  (Knicks @ Cavaliers),NBA,PROP CLEJALLEN31 O10.0 PTS,0.8565988920417067,0.74,0.74,0.1165988920417067,15.25,BET,,,,,,
2026-05-22T10:16:25.299249,OKC @ SAS  (Thunder @ Spurs),NBA,PROP SASDVASSELL24 U20.0 PTS,0.9252221725928153,0.77,0.77,0.15522217259281523,17.0,STRONG_BET,,,,,,
2026-05-22T10:16:25.306618,OKC @ SAS  (Thunder @ Spurs),NBA,PROP UKCCHOLMGREN7 U20.0 PTS,0.9252221725928153,0.79,0.79,0.13522217259281522,17.0,STRONG_BET,,,,,,
2026-05-22T10:16:25.318777,OKC @ SAS  (Thunder @ Spurs),NBA,PROP SASVWEMBANYAMA1 U2.0 AST,0.3525914930163796,0.10999999999999999,0.10999999999999999,0.2425914930163796,17.0,STRONG_BET,,,,,,
2026-05-22T10:21:51.876380,VGK @ COL  (Golden Knights @ Avalanche),NHL,UNDER 6,0.6918392908212376,0.52,0.52,0.1718392908212376,17.0,STRONG_BET,,,,,,
2026-05-22T10:21:51.883561,NYK @ CLE  (Knicks @ Cavaliers),NBA,PROP Mikal Bridges U20.0 PTS,0.9697392429853147,0.79,0.79,0.17973924298531463,17.0,STRONG_BET,,,,,,
2026-05-22T10:21:51.888532,NYK @ CLE  (Knicks @ Cavaliers),NBA,PROP Karl-Anthony Towns O15.0 PTS,0.8376109537979615,0.69,0.69,0.14761095379796152,17.0,STRONG_BET,,,,,,
2026-05-22T10:21:51.893779,NYK @ CLE  (Knicks @ Cavaliers),NBA,PROP Jarrett Allen U20.0 PTS,0.9576008269595344,0.84,0.84,0.11760082695953444,17.0,BET,,,,,,
2026-05-22T10:21:51.895761,NYK @ CLE  (Knicks @ Cavaliers),NBA,PROP Evan Mobley U25.0 PTS,0.9307668219020652,0.84,0.84,0.0907668219020652,17.0,BET,,,,,,
2026-05-22T10:21:51.899675,NYK @ CLE  (Knicks @ Cavaliers),NBA,PROP Donovan Mitchell U30.0 PTS,0.7682897595123882,0.5800000000000001,0.5800000000000001,0.18828975951238813,17.0,STRONG_BET,,,,,,
2026-05-22T10:21:51.912125,OKC @ SAS  (Thunder @ Spurs),NBA,PROP Josh Hart U10.0 PTS,0.9,0.6599999999999999,0.6599999999999999,0.2400000000000001,17.0,STRONG_BET,,,,,,
2026-05-22T10:21:51.913154,OKC @ SAS  (Thunder @ Spurs),NBA,PROP Cason Wallace U15.0 PTS,0.97,0.87,0.87,0.09999999999999998,17.0,BET,,,,,,
2026-05-22T10:21:51.914659,OKC @ SAS  (Thunder @ Spurs),NBA,PROP Chet Holmgren U20.0 PTS,0.946730719155419,0.79,0.79,0.15673071915541892,17.0,STRONG_BET,,,,,,
2026-05-22T10:21:51.920132,NYK @ CLE  (Knicks @ Cavaliers),NBA,PROP Donovan Mitchell O6.0 AST,0.4306445872382285,0.28,0.28,0.1506445872382285,14.23,STRONG_BET,,,,,,
2026-05-22T10:21:51.922479,OKC @ SAS  (Thunder @ Spurs),NBA,PROP Victor Wembanyama O6.0 AST,0.3251303682270994,0.17,0.17,0.15513036822709939,12.71,STRONG_BET,,,,,,
2026-05-22T10:21:51.926939,OKC @ SAS  (Thunder @ Spurs),NBA,PROP Shai Gilgeous-Alexander U6.0 AST,0.39046779786959873,0.17000000000000004,0.17000000000000004,0.2204677978695987,17.0,STRONG_BET,,,,,,
2026-05-22T10:21:51.929911,OKC @ SAS  (Thunder @ Spurs),NBA,PROP Luguentz Dort O2.0 AST,0.5534963944552401,0.32,0.32,0.23349639445524012,17.0,STRONG_BET,,,,,,
2026-05-22T10:24:16.701687,VGK @ COL  (Golden Knights @ Avalanche),NHL,UNDER 6,0.6918392908212376,0.52,0.52,0.1718392908212376,17.0,STRONG_BET,,,,,,
2026-05-22T10:24:16.709140,NYK @ CLE  (Knicks @ Cavaliers),NBA,PROP Mikal Bridges U20.0 PTS,0.9697392429853147,0.79,0.79,0.17973924298531463,17.0,STRONG_BET,,,,,,
2026-05-22T10:24:16.714395,NYK @ CLE  (Knicks @ Cavaliers),NBA,PROP Karl-Anthony Towns O15.0 PTS,0.8376109537979615,0.69,0.69,0.14761095379796152,17.0,STRONG_BET,,,,,,
2026-05-22T10:24:16.719536,NYK @ CLE  (Knicks @ Cavaliers),NBA,PROP Jarrett Allen U20.0 PTS,0.9576008269595344,0.84,0.84,0.11760082695953444,17.0,BET,,,,,,
2026-05-22T10:24:16.721577,NYK @ CLE  (Knicks @ Cavaliers),NBA,PROP Evan Mobley U25.0 PTS,0.9307668219020652,0.84,0.84,0.0907668219020652,17.0,BET,,,,,,
2026-05-22T10:24:16.725532,NYK @ CLE  (Knicks @ Cavaliers),NBA,PROP Donovan Mitchell U30.0 PTS,0.7682897595123882,0.5800000000000001,0.5800000000000001,0.18828975951238813,17.0,STRONG_BET,,,,,,
2026-05-22T10:24:16.737970,OKC @ SAS  (Thunder @ Spurs),NBA,PROP Josh Hart U10.0 PTS,0.9,0.6599999999999999,0.6599999999999999,0.2400000000000001,17.0,STRONG_BET,,,,,,
2026-05-22T10:24:16.739016,OKC @ SAS  (Thunder @ Spurs),NBA,PROP Cason Wallace U15.0 PTS,0.97,0.87,0.87,0.09999999999999998,17.0,BET,,,,,,
2026-05-22T10:24:16.740560,OKC @ SAS  (Thunder @ Spurs),NBA,PROP Chet Holmgren U20.0 PTS,0.946730719155419,0.79,0.79,0.15673071915541892,17.0,STRONG_BET,,,,,,
2026-05-22T10:24:16.745997,NYK @ CLE  (Knicks @ Cavaliers),NBA,PROP Donovan Mitchell O6.0 AST,0.41576721909379266,0.28,0.28,0.13576721909379263,12.82,STRONG_BET,,,,,,
2026-05-22T10:24:16.748736,OKC @ SAS  (Thunder @ Spurs),NBA,PROP Victor Wembanyama O4.0 AST,0.620361682203117,0.49,0.49,0.13036168220311706,17.0,STRONG_BET,,,,,,
2026-05-22T10:24:16.753009,OKC @ SAS  (Thunder @ Spurs),NBA,PROP Shai Gilgeous-Alexander U6.0 AST,0.3930883447817821,0.17000000000000004,0.17000000000000004,0.22308834478178208,17.0,STRONG_BET,,,,,,
2026-05-22T10:27:41.284961,VGK @ COL  (Golden Knights @ Avalanche),NHL,UNDER 6,0.6918392908212376,0.52,0.52,0.1718392908212376,17.0,STRONG_BET,,,,,,
2026-05-22T10:27:41.288198,NYK @ CLE  (Knicks @ Cavaliers),NBA,PROP UG Anunoby U20.0 PTS,0.946730719155419,0.69,0.69,0.256730719155419,17.0,STRONG_BET,,,,,,
2026-05-22T10:27:41.292285,NYK @ CLE  (Knicks @ Cavaliers),NBA,PROP Mikal Bridges U20.0 PTS,0.9697392429853147,0.79,0.79,0.17973924298531463,17.0,STRONG_BET,,,,,,
2026-05-22T10:27:41.297293,NYK @ CLE  (Knicks @ Cavaliers),NBA,PROP Karl-Anthony Towns O15.0 PTS,0.8376109537979615,0.69,0.69,0.14761095379796152,17.0,STRONG_BET,,,,,,
2026-05-22T10:27:41.302415,NYK @ CLE  (Knicks @ Cavaliers),NBA,PROP Jarrett Allen U20.0 PTS,0.9576008269595344,0.84,0.84,0.11760082695953444,17.0,BET,,,,,,
2026-05-22T10:27:41.304539,NYK @ CLE  (Knicks @ Cavaliers),NBA,PROP Evan Mobley U25.0 PTS,0.9307668219020652,0.84,0.84,0.0907668219020652,17.0,BET,,,,,,
2026-05-22T10:27:41.308358,NYK @ CLE  (Knicks @ Cavaliers),NBA,PROP Donovan Mitchell U30.0 PTS,0.7682897595123882,0.5800000000000001,0.5800000000000001,0.18828975951238813,17.0,STRONG_BET,,,,,,
2026-05-22T10:27:41.310514,OKC @ SAS  (Thunder @ Spurs),NBA,PROP Victor Wembanyama U25.0 PTS,0.6738071627809292,0.41000000000000003,0.41000000000000003,0.2638071627809292,17.0,STRONG_BET,,,,,,
2026-05-22T10:27:41.315469,OKC @ SAS  (Thunder @ Spurs),NBA,PROP Devin Vassell O15.0 PTS,0.7516159134655684,0.5,0.5,0.25161591346556844,17.0,STRONG_BET,,,,,,
2026-05-22T10:27:41.320991,OKC @ SAS  (Thunder @ Spurs),NBA,PROP Josh Hart U10.0 PTS,0.9,0.6599999999999999,0.6599999999999999,0.2400000000000001,17.0,STRONG_BET,,,,,,
2026-05-22T10:27:41.322011,OKC @ SAS  (Thunder @ Spurs),NBA,PROP Cason Wallace U15.0 PTS,0.97,0.88,0.88,0.08999999999999997,17.0,BET,,,,,,
2026-05-22T10:27:41.323505,OKC @ SAS  (Thunder @ Spurs),NBA,PROP Chet Holmgren U20.0 PTS,0.946730719155419,0.79,0.79,0.15673071915541892,17.0,STRONG_BET,,,,,,
2026-05-22T10:27:41.329262,NYK @ CLE  (Knicks @ Cavaliers),NBA,PROP Donovan Mitchell O6.0 AST,0.41576721909379266,0.28,0.28,0.13576721909379263,12.82,STRONG_BET,,,,,,
2026-05-22T10:27:41.332066,OKC @ SAS  (Thunder @ Spurs),NBA,PROP Victor Wembanyama O4.0 AST,0.620361682203117,0.49,0.49,0.13036168220311706,17.0,STRONG_BET,,,,,,
2026-05-22T10:27:41.336049,OKC @ SAS  (Thunder @ Spurs),NBA,PROP Shai Gilgeous-Alexander U6.0 AST,0.3930883447817821,0.17000000000000004,0.17000000000000004,0.22308834478178208,17.0,STRONG_BET,,,,,,
2026-05-22T10:27:41.339111,OKC @ SAS  (Thunder @ Spurs),NBA,PROP Luguentz Dort O2.0 AST,0.6316588244498791,0.32,0.32,0.3116588244498791,17.0,STRONG_BET,,,,,,
2026-05-22T10:28:49.254773,VGK @ COL  (Golden Knights @ Avalanche),NHL,UNDER 6,0.6918392908212376,0.52,0.52,0.1718392908212376,17.0,STRONG_BET,,,,,,
2026-05-22T10:28:49.258542,NYK @ CLE  (Knicks @ Cavaliers),NBA,PROP UG Anunoby U20.0 PTS,0.946730719155419,0.69,0.69,0.256730719155419,17.0,STRONG_BET,,,,,,
2026-05-22T10:28:49.263046,NYK @ CLE  (Knicks @ Cavaliers),NBA,PROP Mikal Bridges U20.0 PTS,0.9697392429853147,0.79,0.79,0.17973924298531463,17.0,STRONG_BET,,,,,,
2026-05-22T10:28:49.268204,NYK @ CLE  (Knicks @ Cavaliers),NBA,PROP Karl-Anthony Towns O15.0 PTS,0.8376109537979615,0.69,0.69,0.14761095379796152,17.0,STRONG_BET,,,,,,
2026-05-22T10:28:49.273761,NYK @ CLE  (Knicks @ Cavaliers),NBA,PROP Jarrett Allen U20.0 PTS,0.9576008269595344,0.84,0.84,0.11760082695953444,17.0,BET,,,,,,
2026-05-22T10:28:49.275870,NYK @ CLE  (Knicks @ Cavaliers),NBA,PROP Evan Mobley U25.0 PTS,0.9307668219020652,0.84,0.84,0.0907668219020652,17.0,BET,,,,,,
2026-05-22T10:28:49.279996,NYK @ CLE  (Knicks @ Cavaliers),NBA,PROP Donovan Mitchell U30.0 PTS,0.7682897595123882,0.5800000000000001,0.5800000000000001,0.18828975951238813,17.0,STRONG_BET,,,,,,
2026-05-22T10:28:49.282123,OKC @ SAS  (Thunder @ Spurs),NBA,PROP Victor Wembanyama U25.0 PTS,0.6738071627809292,0.41000000000000003,0.41000000000000003,0.2638071627809292,17.0,STRONG_BET,,,,,,
2026-05-22T10:28:49.287355,OKC @ SAS  (Thunder @ Spurs),NBA,PROP Devin Vassell O15.0 PTS,0.7516159134655684,0.5,0.5,0.25161591346556844,17.0,STRONG_BET,,,,,,
2026-05-22T10:28:49.292960,OKC @ SAS  (Thunder @ Spurs),NBA,PROP Josh Hart U10.0 PTS,0.9,0.6599999999999999,0.6599999999999999,0.2400000000000001,17.0,STRONG_BET,,,,,,
2026-05-22T10:28:49.294016,OKC @ SAS  (Thunder @ Spurs),NBA,PROP Cason Wallace U15.0 PTS,0.97,0.88,0.88,0.08999999999999997,17.0,BET,,,,,,
2026-05-22T10:28:49.295538,OKC @ SAS  (Thunder @ Spurs),NBA,PROP Chet Holmgren U20.0 PTS,0.946730719155419,0.79,0.79,0.15673071915541892,17.0,STRONG_BET,,,,,,
2026-05-22T10:28:49.301389,NYK @ CLE  (Knicks @ Cavaliers),NBA,PROP Donovan Mitchell O6.0 AST,0.41576721909379266,0.28,0.28,0.13576721909379263,12.82,STRONG_BET,,,,,,
2026-05-22T10:28:49.304161,OKC @ SAS  (Thunder @ Spurs),NBA,PROP Victor Wembanyama O4.0 AST,0.620361682203117,0.49,0.49,0.13036168220311706,17.0,STRONG_BET,,,,,,
2026-05-22T10:28:49.308295,OKC @ SAS  (Thunder @ Spurs),NBA,PROP Shai Gilgeous-Alexander U6.0 AST,0.3930883447817821,0.17000000000000004,0.17000000000000004,0.22308834478178208,17.0,STRONG_BET,,,,,,
2026-05-22T10:28:49.311361,OKC @ SAS  (Thunder @ Spurs),NBA,PROP Luguentz Dort O2.0 AST,0.6316588244498791,0.32,0.32,0.3116588244498791,17.0,STRONG_BET,,,,,,
2026-05-23T10:32:20.143971,MTL @ CAR  (Canadiens @ Hurricanes),NHL,UNDER 6,0.6918392908212376,0.5700000000000001,0.5700000000000001,0.12183929082123757,25.0,STRONG_BET,,,,,,
2026-05-23T10:32:20.162532,OKC @ SAS  (Thunder @ Spurs),NBA,PROP Cason Wallace U15.0 PTS,0.97,0.89,0.89,0.07999999999999996,25.0,BET,,,,,,
2026-05-23T10:32:20.165447,OKC @ SAS  (Thunder @ Spurs),NBA,PROP Victor Wembanyama U25.0 PTS,0.6738071627809292,0.45999999999999996,0.45999999999999996,0.21380716278092926,25.0,STRONG_BET,,,,,,
2026-05-23T10:32:20.171460,OKC @ SAS  (Thunder @ Spurs),NBA,PROP Devin Vassell O15.0 PTS,0.7516159134655684,0.49,0.49,0.26161591346556845,25.0,STRONG_BET,,,,,,
2026-05-23T10:32:20.183720,OKC @ SAS  (Thunder @ Spurs),NBA,PROP Josh Hart U10.0 PTS,0.9,0.76,0.76,0.14,25.0,STRONG_BET,,,,,,
2026-05-23T10:32:20.184946,OKC @ SAS  (Thunder @ Spurs),NBA,PROP Chet Holmgren U20.0 PTS,0.946730719155419,0.81,0.81,0.1367307191554189,25.0,STRONG_BET,,,,,,
2026-05-23T10:32:20.187335,NYK @ CLE  (Knicks @ Cavaliers),NBA,PROP UG Anunoby U20.0 PTS,0.946730719155419,0.75,0.75,0.19673071915541895,25.0,STRONG_BET,,,,,,
2026-05-23T10:32:20.189572,NYK @ CLE  (Knicks @ Cavaliers),NBA,PROP Mikal Bridges U20.0 PTS,0.9697392429853147,0.8200000000000001,0.8200000000000001,0.1497392429853146,25.0,STRONG_BET,,,,,,
2026-05-23T10:32:20.192248,NYK @ CLE  (Knicks @ Cavaliers),NBA,PROP Karl-Anthony Towns O20.0 PTS,0.5487243729716704,0.37,0.37,0.17872437297167043,25.0,STRONG_BET,,,,,,
2026-05-23T10:32:20.197523,NYK @ CLE  (Knicks @ Cavaliers),NBA,PROP Jarrett Allen O10.0 PTS,0.8222476893822538,0.71,0.71,0.11224768938225382,19.35,BET,,,,,,
2026-05-23T10:32:20.199010,NYK @ CLE  (Knicks @ Cavaliers),NBA,PROP Evan Mobley O15.0 PTS,0.7052827141778943,0.62,0.62,0.08528271417789435,11.22,BET,,,,,,
2026-05-23T10:32:20.200860,NYK @ CLE  (Knicks @ Cavaliers),NBA,PROP Donovan Mitchell U30.0 PTS,0.7682897595123882,0.61,0.61,0.15828975951238822,25.0,STRONG_BET,,,,,,
2026-05-23T10:32:20.202713,OKC @ SAS  (Thunder @ Spurs),NBA,PROP Victor Wembanyama O4.0 AST,0.620361682203117,0.42,0.42,0.20036168220311706,25.0,STRONG_BET,,,,,,
2026-05-23T10:32:20.207968,OKC @ SAS  (Thunder @ Spurs),NBA,PROP De'Aaron Fox U2.0 AST,0.08202980138854143,0.010000000000000009,0.010000000000000009,0.07202980138854143,3.64,BET,,,,,,
2026-05-23T10:32:20.208832,OKC @ SAS  (Thunder @ Spurs),NBA,PROP Shai Gilgeous-Alexander U6.0 AST,0.3930883447817821,0.21999999999999997,0.21999999999999997,0.17308834478178214,22.19,STRONG_BET,,,,,,
2026-05-23T10:32:20.210997,OKC @ SAS  (Thunder @ Spurs),NBA,PROP Luguentz Dort U6.0 AST,0.97,0.64,0.64,0.32999999999999996,25.0,STRONG_BET,,,,,,
2026-05-23T10:32:20.216372,NYK @ CLE  (Knicks @ Cavaliers),NBA,PROP Donovan Mitchell O6.0 AST,0.41576721909379266,0.26,0.26,0.15576721909379265,21.05,STRONG_BET,,,,,,
2026-05-23T10:32:44.527643,MTL @ CAR  (Canadiens @ Hurricanes),NHL,UNDER 6,0.6918392908212376,0.5700000000000001,0.5700000000000001,0.12183929082123757,25.0,STRONG_BET,,,,,,
2026-05-23T10:32:44.550312,OKC @ SAS  (Thunder @ Spurs),NBA,PROP Cason Wallace U15.0 PTS,0.97,0.89,0.89,0.07999999999999996,25.0,BET,,,,,,
2026-05-23T10:32:44.553691,OKC @ SAS  (Thunder @ Spurs),NBA,PROP Victor Wembanyama U25.0 PTS,0.6738071627809292,0.45999999999999996,0.45999999999999996,0.21380716278092926,25.0,STRONG_BET,,,,,,
2026-05-23T10:32:44.560238,OKC @ SAS  (Thunder @ Spurs),NBA,PROP Devin Vassell O15.0 PTS,0.7516159134655684,0.49,0.49,0.26161591346556845,25.0,STRONG_BET,,,,,,
2026-05-23T10:32:44.573472,OKC @ SAS  (Thunder @ Spurs),NBA,PROP Josh Hart U10.0 PTS,0.9,0.76,0.76,0.14,25.0,STRONG_BET,,,,,,
2026-05-23T10:32:44.574680,OKC @ SAS  (Thunder @ Spurs),NBA,PROP Chet Holmgren U20.0 PTS,0.946730719155419,0.81,0.81,0.1367307191554189,25.0,STRONG_BET,,,,,,
2026-05-23T10:32:44.577130,NYK @ CLE  (Knicks @ Cavaliers),NBA,PROP UG Anunoby U20.0 PTS,0.946730719155419,0.75,0.75,0.19673071915541895,25.0,STRONG_BET,,,,,,
2026-05-23T10:32:44.579595,NYK @ CLE  (Knicks @ Cavaliers),NBA,PROP Mikal Bridges U20.0 PTS,0.9697392429853147,0.8200000000000001,0.8200000000000001,0.1497392429853146,25.0,STRONG_BET,,,,,,
2026-05-23T10:32:44.582408,NYK @ CLE  (Knicks @ Cavaliers),NBA,PROP Karl-Anthony Towns O20.0 PTS,0.5487243729716704,0.37,0.37,0.17872437297167043,25.0,STRONG_BET,,,,,,
2026-05-23T10:32:44.588228,NYK @ CLE  (Knicks @ Cavaliers),NBA,PROP Jarrett Allen O10.0 PTS,0.8222476893822538,0.71,0.71,0.11224768938225382,19.35,BET,,,,,,
2026-05-23T10:32:44.590503,NYK @ CLE  (Knicks @ Cavaliers),NBA,PROP Evan Mobley O15.0 PTS,0.7052827141778943,0.62,0.62,0.08528271417789435,11.22,BET,,,,,,
2026-05-23T10:32:44.592681,NYK @ CLE  (Knicks @ Cavaliers),NBA,PROP Donovan Mitchell U30.0 PTS,0.7682897595123882,0.61,0.61,0.15828975951238822,25.0,STRONG_BET,,,,,,
2026-05-23T10:32:44.594696,OKC @ SAS  (Thunder @ Spurs),NBA,PROP Victor Wembanyama O4.0 AST,0.620361682203117,0.42,0.42,0.20036168220311706,25.0,STRONG_BET,,,,,,
2026-05-23T10:32:44.600254,OKC @ SAS  (Thunder @ Spurs),NBA,PROP De'Aaron Fox U2.0 AST,0.08202980138854143,0.010000000000000009,0.010000000000000009,0.07202980138854143,3.64,BET,,,,,,
2026-05-23T10:32:44.601153,OKC @ SAS  (Thunder @ Spurs),NBA,PROP Shai Gilgeous-Alexander U6.0 AST,0.3930883447817821,0.21999999999999997,0.21999999999999997,0.17308834478178214,22.19,STRONG_BET,,,,,,
2026-05-23T10:32:44.603381,OKC @ SAS  (Thunder @ Spurs),NBA,PROP Luguentz Dort U6.0 AST,0.97,0.64,0.64,0.32999999999999996,25.0,STRONG_BET,,,,,,
2026-05-23T10:32:44.608864,NYK @ CLE  (Knicks @ Cavaliers),NBA,PROP Donovan Mitchell O6.0 AST,0.41576721909379266,0.26,0.26,0.15576721909379265,21.05,STRONG_BET,,,,,,
2026-05-23T10:35:49.638342,MTL @ CAR  (Canadiens @ Hurricanes),NHL,UNDER 6,0.6918392908212376,0.5700000000000001,0.5700000000000001,0.12183929082123757,25.0,STRONG_BET,,,,,,
2026-05-23T10:35:49.660541,OKC @ SAS  (Thunder @ Spurs),NBA,PROP Victor Wembanyama U25.0 PTS,0.6738071627809292,0.45999999999999996,0.45999999999999996,0.21380716278092926,25.0,STRONG_BET,,,,,,
2026-05-23T10:35:49.663566,OKC @ SAS  (Thunder @ Spurs),NBA,PROP Devin Vassell O15.0 PTS,0.7516159134655684,0.49,0.49,0.26161591346556845,25.0,STRONG_BET,,,,,,
2026-05-23T10:35:49.673554,OKC @ SAS  (Thunder @ Spurs),NBA,PROP Chet Holmgren U20.0 PTS,0.946730719155419,0.81,0.81,0.1367307191554189,25.0,STRONG_BET,,,,,,
2026-05-23T10:35:49.676590,NYK @ CLE  (Knicks @ Cavaliers),NBA,PROP UG Anunoby U20.0 PTS,0.946730719155419,0.75,0.75,0.19673071915541895,25.0,STRONG_BET,,,,,,
2026-05-23T10:35:49.678462,NYK @ CLE  (Knicks @ Cavaliers),NBA,PROP Mikal Bridges U20.0 PTS,0.9697392429853147,0.8200000000000001,0.8200000000000001,0.1497392429853146,25.0,STRONG_BET,,,,,,
2026-05-23T10:35:49.680798,NYK @ CLE  (Knicks @ Cavaliers),NBA,PROP Karl-Anthony Towns O20.0 PTS,0.5487243729716704,0.37,0.37,0.17872437297167043,25.0,STRONG_BET,,,,,,
2026-05-23T10:35:49.682647,NYK @ CLE  (Knicks @ Cavaliers),NBA,PROP Josh Hart U15.0 PTS,0.9085920326637211,0.61,0.61,0.29859203266372114,25.0,STRONG_BET,,,,,,
2026-05-23T10:35:49.684163,NYK @ CLE  (Knicks @ Cavaliers),NBA,PROP Jalen Brunson U25.0 PTS,0.48478033236262497,0.36,0.36,0.12478033236262498,19.5,STRONG_BET,,,,,,
2026-05-23T10:35:49.685627,NYK @ CLE  (Knicks @ Cavaliers),NBA,PROP Jarrett Allen O10.0 PTS,0.8222476893822538,0.71,0.71,0.11224768938225382,19.35,BET,,,,,,
2026-05-23T10:35:49.687082,NYK @ CLE  (Knicks @ Cavaliers),NBA,PROP Evan Mobley O15.0 PTS,0.7052827141778943,0.62,0.62,0.08528271417789435,11.22,BET,,,,,,
2026-05-23T10:35:49.688669,NYK @ CLE  (Knicks @ Cavaliers),NBA,PROP Donovan Mitchell U30.0 PTS,0.7682897595123882,0.61,0.61,0.15828975951238822,25.0,STRONG_BET,,,,,,
2026-05-23T10:35:49.690282,OKC @ SAS  (Thunder @ Spurs),NBA,PROP Victor Wembanyama O4.0 AST,0.620361682203117,0.42,0.42,0.20036168220311706,25.0,STRONG_BET,,,,,,
2026-05-23T10:35:49.695146,OKC @ SAS  (Thunder @ Spurs),NBA,PROP De'Aaron Fox U2.0 AST,0.08202980138854143,0.010000000000000009,0.010000000000000009,0.07202980138854143,3.64,BET,,,,,,
2026-05-23T10:35:49.696152,OKC @ SAS  (Thunder @ Spurs),NBA,PROP Shai Gilgeous-Alexander U6.0 AST,0.3930883447817821,0.21999999999999997,0.21999999999999997,0.17308834478178214,22.19,STRONG_BET,,,,,,
2026-05-23T10:35:49.698565,OKC @ SAS  (Thunder @ Spurs),NBA,PROP Luguentz Dort U6.0 AST,0.97,0.64,0.64,0.32999999999999996,25.0,STRONG_BET,,,,,,
2026-05-23T10:35:49.702515,NYK @ CLE  (Knicks @ Cavaliers),NBA,PROP Jalen Brunson U6.0 AST,0.5698994295948809,0.25,0.25,0.31989942959488094,25.0,STRONG_BET,,,,,,
2026-05-23T10:35:49.704239,NYK @ CLE  (Knicks @ Cavaliers),NBA,PROP Donovan Mitchell O6.0 AST,0.41576721909379266,0.26,0.26,0.15576721909379265,21.05,STRONG_BET,,,,,,
2026-05-23T10:40:28.183260,MTL @ CAR  (Canadiens @ Hurricanes),NHL,UNDER 6,0.6918392908212376,0.5700000000000001,0.5700000000000001,0.12183929082123757,25.0,STRONG_BET,,,,,,
2026-05-23T10:40:28.204679,OKC @ SAS  (Thunder @ Spurs),NBA,PROP Victor Wembanyama U25.0 PTS,0.6738071627809292,0.45999999999999996,0.45999999999999996,0.21380716278092926,25.0,STRONG_BET,,,,,,
2026-05-23T10:40:28.209747,OKC @ SAS  (Thunder @ Spurs),NBA,PROP Devin Vassell O15.0 PTS,0.7516159134655684,0.49,0.49,0.26161591346556845,25.0,STRONG_BET,,,,,,
2026-05-23T10:40:28.221915,OKC @ SAS  (Thunder @ Spurs),NBA,PROP Chet Holmgren U20.0 PTS,0.946730719155419,0.81,0.81,0.1367307191554189,25.0,STRONG_BET,,,,,,
2026-05-23T10:40:28.224018,NYK @ CLE  (Knicks @ Cavaliers),NBA,PROP UG Anunoby U20.0 PTS,0.946730719155419,0.75,0.75,0.19673071915541895,25.0,STRONG_BET,,,,,,
2026-05-23T10:40:28.226040,NYK @ CLE  (Knicks @ Cavaliers),NBA,PROP Mikal Bridges U20.0 PTS,0.9697392429853147,0.8200000000000001,0.8200000000000001,0.1497392429853146,25.0,STRONG_BET,,,,,,
2026-05-23T10:40:28.228524,NYK @ CLE  (Knicks @ Cavaliers),NBA,PROP Karl-Anthony Towns O20.0 PTS,0.5487243729716704,0.37,0.37,0.17872437297167043,25.0,STRONG_BET,,,,,,
2026-05-23T10:40:28.230508,NYK @ CLE  (Knicks @ Cavaliers),NBA,PROP Josh Hart U15.0 PTS,0.9085920326637211,0.61,0.61,0.29859203266372114,25.0,STRONG_BET,,,,,,
2026-05-23T10:40:28.232384,NYK @ CLE  (Knicks @ Cavaliers),NBA,PROP Jalen Brunson U25.0 PTS,0.48478033236262497,0.36,0.36,0.12478033236262498,19.5,STRONG_BET,,,,,,
2026-05-23T10:40:28.234234,NYK @ CLE  (Knicks @ Cavaliers),NBA,PROP Jarrett Allen O10.0 PTS,0.8222476893822538,0.71,0.71,0.11224768938225382,19.35,BET,,,,,,
2026-05-23T10:40:28.235640,NYK @ CLE  (Knicks @ Cavaliers),NBA,PROP Evan Mobley O15.0 PTS,0.7052827141778943,0.62,0.62,0.08528271417789435,11.22,BET,,,,,,
2026-05-23T10:40:28.237489,NYK @ CLE  (Knicks @ Cavaliers),NBA,PROP Donovan Mitchell U30.0 PTS,0.7682897595123882,0.6,0.6,0.16828975951238823,25.0,STRONG_BET,,,,,,
2026-05-23T10:40:28.239315,OKC @ SAS  (Thunder @ Spurs),NBA,PROP Victor Wembanyama O4.0 AST,0.620361682203117,0.42,0.42,0.20036168220311706,25.0,STRONG_BET,,,,,,
2026-05-23T10:40:28.244546,OKC @ SAS  (Thunder @ Spurs),NBA,PROP De'Aaron Fox U2.0 AST,0.08202980138854143,0.010000000000000009,0.010000000000000009,0.07202980138854143,3.64,BET,,,,,,
2026-05-23T10:40:28.245399,OKC @ SAS  (Thunder @ Spurs),NBA,PROP Shai Gilgeous-Alexander U6.0 AST,0.3930883447817821,0.21999999999999997,0.21999999999999997,0.17308834478178214,22.19,STRONG_BET,,,,,,
2026-05-23T10:40:28.247508,OKC @ SAS  (Thunder @ Spurs),NBA,PROP Luguentz Dort U6.0 AST,0.97,0.6599999999999999,0.6599999999999999,0.31000000000000005,25.0,STRONG_BET,,,,,,
2026-05-23T10:40:28.252069,NYK @ CLE  (Knicks @ Cavaliers),NBA,PROP Jalen Brunson U6.0 AST,0.5698994295948809,0.25,0.25,0.31989942959488094,25.0,STRONG_BET,,,,,,
2026-05-23T10:40:28.253717,NYK @ CLE  (Knicks @ Cavaliers),NBA,PROP Donovan Mitchell O6.0 AST,0.41576721909379266,0.26,0.26,0.15576721909379265,21.05,STRONG_BET,,,,,,
2026-05-23T10:42:25.493216,MTL @ CAR  (Canadiens @ Hurricanes),NHL,UNDER 6,0.6918392908212376,0.5700000000000001,0.5700000000000001,0.12183929082123757,25.0,STRONG_BET,,,,,,
2026-05-23T10:44:00.943799,MTL @ CAR  (Canadiens @ Hurricanes),NHL,UNDER 6,0.6918392908212376,0.5700000000000001,0.5700000000000001,0.12183929082123757,25.0,STRONG_BET,,,,,,
2026-05-23T10:48:03.459592,MTL @ CAR  (Canadiens @ Hurricanes),NHL,UNDER 6,0.6918392908212376,0.5700000000000001,0.5700000000000001,0.12183929082123757,25.0,STRONG_BET,,,,,,
2026-05-23T10:51:40.341526,MTL @ CAR  (Canadiens @ Hurricanes),NHL,UNDER 6,0.6918392908212376,0.5700000000000001,0.5700000000000001,0.12183929082123757,25.0,STRONG_BET,,,,,,
2026-05-23T10:53:12.384209,MTL @ CAR  (Canadiens @ Hurricanes),NHL,UNDER 6,0.6918392908212376,0.5700000000000001,0.5700000000000001,0.12183929082123757,25.0,STRONG_BET,,,,,,
2026-05-23T10:55:42.868957,MTL @ CAR  (Canadiens @ Hurricanes),NHL,UNDER 6,0.6918392908212376,0.5700000000000001,0.5700000000000001,0.12183929082123757,25.0,STRONG_BET,,,,,,
2026-05-23T10:57:31.529451,MTL @ CAR  (Canadiens @ Hurricanes),NHL,UNDER 6,0.6918392908212376,0.5700000000000001,0.5700000000000001,0.12183929082123757,17.0,STRONG_BET,,,,,,
2026-05-23T16:17:57.245154,COL @ VGK  (Avalanche @ Golden Knights),NHL,ML — VGK wins,0.57,0.44,0.44,0.12999999999999995,15.79,STRONG_BET,,,,,,
2026-05-23T16:17:57.346284,MTL @ CAR  (Canadiens @ Hurricanes),NHL,UNDER 6,0.6918392908212376,0.55,0.55,0.14183929082123758,17.0,STRONG_BET,,,,,,
2026-05-23T16:17:57.349211,COL @ VGK  (Avalanche @ Golden Knights),NHL,UNDER 6,0.6918392908212376,0.56,0.56,0.13183929082123758,17.0,STRONG_BET,,,,,,
2026-05-23T16:17:57.352011,OKC @ SAS  (Thunder @ Spurs),NBA,ATS — SAS wins by 2.5+,0.5649912917505268,0.48,0.48,0.08499129175052678,5.56,BET,,,,,,
2026-05-23T16:28:09.973991,MTL @ CAR  (Canadiens @ Hurricanes),NHL,UNDER 6,0.6918392908212376,0.55,0.55,0.14183929082123758,25.0,STRONG_BET,,,,,,
2026-05-23T16:29:54.102284,MTL @ CAR  (Canadiens @ Hurricanes),NHL,UNDER 6,0.6918392908212376,0.55,0.55,0.14183929082123758,25.0,STRONG_BET,,,,,,
2026-05-23T16:32:16.087373,MTL @ CAR  (Canadiens @ Hurricanes),NHL,UNDER 6,0.6918392908212376,0.55,0.55,0.14183929082123758,25.0,STRONG_BET,,,,,,
2026-05-23T16:47:20.208310,MTL @ CAR  (Canadiens @ Hurricanes),NHL,UNDER 6,0.6918392908212376,0.55,0.55,0.14183929082123758,25.0,STRONG_BET,,,,,,
2026-05-23T16:47:20.211127,NYK @ CLE  (Knicks @ Cavaliers),NBA,ATS — NYK wins by 1.5+,0.5632013747517315,0.43,0.43,0.1332013747517315,23.37,STRONG_BET,,,,,,
2026-05-23T16:52:06.160659,MTL @ CAR  (Canadiens @ Hurricanes),NHL,UNDER 6,0.6918392908212376,0.55,0.55,0.14183929082123758,25.0,STRONG_BET,,,,,,
2026-05-23T16:52:06.163700,NYK @ CLE  (Knicks @ Cavaliers),NBA,ATS — NYK wins by 1.5+,0.5632013747517315,0.43,0.43,0.1332013747517315,23.37,STRONG_BET,,,,,,
2026-05-23T16:55:52.207073,NYK @ CLE  (Knicks @ Cavaliers),NBA,OVER 213,0.6907286102262379,0.56,0.56,0.13072861022623783,25.0,STRONG_BET,,,,,,
2026-05-23T16:55:52.209153,MTL @ CAR  (Canadiens @ Hurricanes),NHL,UNDER 6,0.6918392908212376,0.55,0.55,0.14183929082123758,25.0,STRONG_BET,,,,,,
2026-05-23T17:06:10.846606,NYK @ CLE  (Knicks @ Cavaliers),NBA,UNDER 216,0.7208662075993705,0.51,0.51,0.21086620759937047,25.0,STRONG_BET,,,,,,
2026-05-23T17:06:10.852249,MTL @ CAR  (Canadiens @ Hurricanes),NHL,UNDER 6,0.6918392908212376,0.54,0.54,0.1518392908212376,25.0,STRONG_BET,,,,,,
2026-05-24T11:54:37.516776,OKC @ SAS  (Thunder @ Spurs),NBA,ML — OKC wins,0.588414990352266,0.44,0.44,0.14841499035226596,17.0,STRONG_BET,,,,,,
2026-05-24T11:54:37.593859,COL @ VGK  (Avalanche @ Golden Knights),NHL,ML — VGK wins,0.57,0.44,0.44,0.12999999999999995,15.79,STRONG_BET,,,,,,
2026-05-24T11:54:37.687716,OKC @ SAS  (Thunder @ Spurs),NBA,OVER 218,0.7629845144842098,0.54,0.54,0.22298451448420975,17.0,STRONG_BET,,,,,,
2026-05-24T11:54:37.691490,COL @ VGK  (Avalanche @ Golden Knights),NHL,UNDER 6,0.6918392908212376,0.5700000000000001,0.5700000000000001,0.12183929082123757,17.0,STRONG_BET,,,,,,
2026-05-24T12:02:05.618865,OKC @ SAS  (Thunder @ Spurs),NBA,ML — OKC wins,0.588414990352266,0.44,0.44,0.14841499035226596,25.0,STRONG_BET,,,,,,
2026-05-24T12:02:05.715231,COL @ VGK  (Avalanche @ Golden Knights),NHL,ML — VGK wins,0.6699999999999999,0.44,0.44,0.22999999999999993,25.0,STRONG_BET,,,,,,
2026-05-24T12:02:05.793077,OKC @ SAS  (Thunder @ Spurs),NBA,OVER 218,0.7629845144842098,0.53,0.53,0.23298451448420976,25.0,STRONG_BET,,,,,,
2026-05-24T12:02:17.968026,OKC @ SAS  (Thunder @ Spurs),NBA,ML — OKC wins,0.588414990352266,0.44,0.44,0.14841499035226596,25.0,STRONG_BET,,,,,,
2026-05-24T12:02:18.020506,COL @ VGK  (Avalanche @ Golden Knights),NHL,ML — VGK wins,0.6699999999999999,0.44,0.44,0.22999999999999993,25.0,STRONG_BET,,,,,,
2026-05-24T12:02:18.109327,OKC @ SAS  (Thunder @ Spurs),NBA,OVER 218,0.7629845144842098,0.53,0.53,0.23298451448420976,25.0,STRONG_BET,,,,,,
2026-05-24T12:04:18.787292,OKC @ SAS  (Thunder @ Spurs),NBA,ML — OKC wins,0.588414990352266,0.44,0.44,0.14841499035226596,25.0,STRONG_BET,,,,,,
2026-05-24T12:04:18.845986,COL @ VGK  (Avalanche @ Golden Knights),NHL,ML — VGK wins,0.6699999999999999,0.44,0.44,0.22999999999999993,25.0,STRONG_BET,,,,,,
2026-05-24T12:04:18.941339,OKC @ SAS  (Thunder @ Spurs),NBA,OVER 218,0.7629845144842098,0.53,0.53,0.23298451448420976,25.0,STRONG_BET,,,,,,
2026-05-24T12:30:30.714078,OKC @ SAS  (Thunder @ Spurs),NBA,ML — OKC wins,0.588414990352266,0.43,0.43,0.15841499035226597,25.0,STRONG_BET,,,,,,
2026-05-24T12:30:30.799565,COL @ VGK  (Avalanche @ Golden Knights),NHL,ML — VGK wins,0.62245,0.44,0.44,0.18244999999999995,25.0,STRONG_BET,,,,,,
2026-05-24T12:30:30.893773,OKC @ SAS  (Thunder @ Spurs),NBA,OVER 218,0.7629845144842098,0.53,0.53,0.23298451448420976,25.0,STRONG_BET,,,,,,
